From,To
Ramesh Dhakal,Theresa J. Nartea
Ramesh Dhakal,Zelalem Mersha
Theresa J. Nartea,Zelalem Mersha
Toktam Taghavi,Reza Rafie
Toktam Taghavi,Maru Kering
Reza Rafie,Maru Kering
Andrew H. Wynn,Reginald Hopkins
Theresa J. Nartea,Nadine Jackson
Theresa J. Nartea,Fidelis Okpebholo
Theresa J. Nartea,William A. Crutchfield
Nadine Jackson,Fidelis Okpebholo
Nadine Jackson,William A. Crutchfield
Fidelis Okpebholo,William A. Crutchfield
Yixiang Xu,Laban K. Rutto
Reginald Hopkins,Andrew H. Wynn
Cheryl M Adeyemi,Ju Wang
Cheryl M Adeyemi,John E. Fife
Ju Wang,John E. Fife
Wei-Bang Chen,Dawit Haile
Wei-Bang Chen,Jing Zhang
Dawit Haile,Jing Zhang
Toktam Taghavi,Dahlia J. O'Brien
Xiaoliang Wang,Peng Cheng
Xiaoliang Wang,Xinchuan Liu
Peng Cheng,Xinchuan Liu
Wookjin Choi,Ju Wang
Joon Suk Lee,Ju Wang
Kimberly Lawrence,Vernessa R Clark
Kimberly Lawrence,Larry D. Keen
Vernessa R Clark,Larry D. Keen
Kawachi Clemons,Tammy McClain-Smith
Kawachi Clemons,Alexis J. Brooks-Walter
Kawachi Clemons,Milton O Faison
Tammy McClain-Smith,Alexis J. Brooks-Walter
Tammy McClain-Smith,Milton O Faison
Alexis J. Brooks-Walter,Milton O Faison
Patrice N. Perkins,Kimberly P Boyd
Shobha Sriharan,Michelle M. Corley
Xiaoliang Wang,Yongjin Lu
Xiaoliang Wang,Wei-Bang Chen
Yongjin Lu,Wei-Bang Chen
Christian D'Orgeix,Paul A Kaseloo
Dr. M. Ray McKinnie,Wondimagegnehu Mersie
Dr. M. Ray McKinnie,William A. Crutchfield
Dr. M. Ray McKinnie,Debra S. Jones
Arinola O. Adebayo,Benedict Uzochukwu
Arinola O. Adebayo,Somasheker Akkaladevi
Arinola O. Adebayo,Fidelis Okpebholo
Arinola O. Adebayo,William A. Crutchfield
Arinola O. Adebayo,Richard O Omotoye
Benedict Uzochukwu,Somasheker Akkaladevi
Benedict Uzochukwu,Fidelis Okpebholo
Benedict Uzochukwu,William A. Crutchfield
Benedict Uzochukwu,Richard O Omotoye
Somasheker Akkaladevi,Fidelis Okpebholo
Somasheker Akkaladevi,William A. Crutchfield
Somasheker Akkaladevi,Richard O Omotoye
Fidelis Okpebholo,William A. Crutchfield
Fidelis Okpebholo,Richard O Omotoye
William A. Crutchfield,Richard O Omotoye
Shobha Sriharan,Patricia A. Lynch
Fidelis Okpebholo,William A. Crutchfield
Fidelis Okpebholo,Ephrem Eyob
Fidelis Okpebholo,Adeyemi A Adekoya
Fidelis Okpebholo,Richard O Omotoye
Fidelis Okpebholo,Somasheker Akkaladevi
Fidelis Okpebholo,Arinola O. Adebayo
William A. Crutchfield,Ephrem Eyob
William A. Crutchfield,Adeyemi A Adekoya
William A. Crutchfield,Richard O Omotoye
William A. Crutchfield,Somasheker Akkaladevi
William A. Crutchfield,Arinola O. Adebayo
Ephrem Eyob,Adeyemi A Adekoya
Ephrem Eyob,Richard O Omotoye
Ephrem Eyob,Somasheker Akkaladevi
Ephrem Eyob,Arinola O. Adebayo
Adeyemi A Adekoya,Richard O Omotoye
Adeyemi A Adekoya,Somasheker Akkaladevi
Adeyemi A Adekoya,Arinola O. Adebayo
Richard O Omotoye,Somasheker Akkaladevi
Richard O Omotoye,Arinola O. Adebayo
Somasheker Akkaladevi,Arinola O. Adebayo
Maru Kering,Laban K. Rutto
Toktam Taghavi,Zelalem Mersha
Toktam Taghavi,Reza Rafie
Zelalem Mersha,Reza Rafie
Toktam Taghavi,Zelalem Mersha
Toktam Taghavi,Leonard Githinji
Zelalem Mersha,Leonard Githinji
Zelalem Mersha,Asmare Atalay
Zelalem Mersha,Ramesh Dhakal
Asmare Atalay,Ramesh Dhakal
Michael McIntosh,Muriel A. Hawkins
Michael McIntosh,Kristal M. Clemons
Michael McIntosh,Pascal P. Barreau
Muriel A. Hawkins,Kristal M. Clemons
Muriel A. Hawkins,Pascal P. Barreau
Kristal M. Clemons,Pascal P. Barreau
Theresa J. Nartea,Reza Rafie
Theresa J. Nartea,Rafat A. Siddiqui
Reza Rafie,Rafat A. Siddiqui
Ramesh Dhakal,Eunice N. Ndegwa
Ramesh Dhakal,Chyer Kim
Ramesh Dhakal,Adnan B. Yousuf
Eunice N. Ndegwa,Chyer Kim
Eunice N. Ndegwa,Adnan B. Yousuf
Chyer Kim,Adnan B. Yousuf
Nasser Ghariban,Dawit Haile
Heng Li,Nasser Ghariban
Heng Li,Dawit Haile
Nasser Ghariban,Dawit Haile
Joseph A. Shelton,Wei-Bang Chen
Joseph A. Shelton,Joon Suk Lee
Joseph A. Shelton,Ju Wang
Joseph A. Shelton,Wookjin Choi
Wei-Bang Chen,Joon Suk Lee
Wei-Bang Chen,Ju Wang
Wei-Bang Chen,Wookjin Choi
Joon Suk Lee,Ju Wang
Joon Suk Lee,Wookjin Choi
Ju Wang,Wookjin Choi
Trina Spencer,Willis W. Walter
Willis W. Walter,Chevelle Hall
John Blackwell,John C. Travis
John Blackwell,Faye C. Bradley
John Blackwell,C. Adrainne Thomas
John Blackwell,Roberta A. Gentry
John C. Travis,Faye C. Bradley
John C. Travis,C. Adrainne Thomas
John C. Travis,Roberta A. Gentry
Faye C. Bradley,C. Adrainne Thomas
Faye C. Bradley,Roberta A. Gentry
C. Adrainne Thomas,Roberta A. Gentry
Willis W. Walter,Shelly H. Bazemore
Willis W. Walter,Shandra M Claiborne-Payton
Willis W. Walter,Trina Spencer
Shelly H. Bazemore,Shandra M Claiborne-Payton
Shelly H. Bazemore,Trina Spencer
Shandra M Claiborne-Payton,Trina Spencer
James T. Edwards,William A. Crutchfield
John Blackwell,Trina Spencer
John Blackwell,Willis W. Walter
Trina Spencer,Willis W. Walter
Pascal P. Barreau,Kristal M. Clemons
Pascal P. Barreau,Michael McIntosh
Pascal P. Barreau,Muriel A. Hawkins
Kristal M. Clemons,Michael McIntosh
Kristal M. Clemons,Muriel A. Hawkins
Michael McIntosh,Muriel A. Hawkins
Kristal M. Clemons,Wanda Velez
Kristal M. Clemons,Cheryl P. Talley
Kristal M. Clemons,Ali Ansari
Kristal M. Clemons,John C. Travis
Kristal M. Clemons,Shandra M Claiborne-Payton
Kristal M. Clemons,Trina Spencer
Kristal M. Clemons,Reginald Hopkins
Wanda Velez,Cheryl P. Talley
Wanda Velez,Ali Ansari
Wanda Velez,John C. Travis
Wanda Velez,Shandra M Claiborne-Payton
Wanda Velez,Trina Spencer
Wanda Velez,Reginald Hopkins
Cheryl P. Talley,Ali Ansari
Cheryl P. Talley,John C. Travis
Cheryl P. Talley,Shandra M Claiborne-Payton
Cheryl P. Talley,Trina Spencer
Cheryl P. Talley,Reginald Hopkins
Ali Ansari,John C. Travis
Ali Ansari,Shandra M Claiborne-Payton
Ali Ansari,Trina Spencer
Ali Ansari,Reginald Hopkins
John C. Travis,Shandra M Claiborne-Payton
John C. Travis,Trina Spencer
John C. Travis,Reginald Hopkins
Shandra M Claiborne-Payton,Trina Spencer
Shandra M Claiborne-Payton,Reginald Hopkins
Trina Spencer,Reginald Hopkins
Xueping Liang,Joseph A. Shelton
Xueping Liang,Dawit Haile
Joseph A. Shelton,Dawit Haile
Dahlia J. O'Brien,Eunice N. Ndegwa
Nadine Jackson,Fidelis Okpebholo
Nadine Jackson,William A. Crutchfield
Fidelis Okpebholo,William A. Crutchfield
Fidelis Okpebholo,William A. Crutchfield
Debra S. Jones,Christopher D Mullins
Debra S. Jones,Theresa J. Nartea
Debra S. Jones,Reza Rafie
Christopher D Mullins,Theresa J. Nartea
Christopher D Mullins,Reza Rafie
Theresa J. Nartea,Reza Rafie
Rafat A. Siddiqui,Christopher D Mullins
Rafat A. Siddiqui,Reza Rafie
Christopher D Mullins,Reza Rafie
Rafat A. Siddiqui,Harbans L Bhardwaj
Laban K. Rutto,Yixiang Xu
Benedict Uzochukwu,Xinchuan Liu
Benedict Uzochukwu,Heng Li
Xinchuan Liu,Heng Li
Grace Ndip,Peng Cheng
Grace Ndip,Heng Li
Peng Cheng,Heng Li
Fidelis Okpebholo,William A. Crutchfield
Leslie Crocker,Chevelle Hall
Kimberly Lawrence,Vernessa R Clark
Kimberly Lawrence,Larry D. Keen
Vernessa R Clark,Larry D. Keen
William A. Crutchfield,Harbans L Bhardwaj
Dr. M. Ray McKinnie,Michelle M. Corley